{
    "BFSA-RHO": 0.8691250955271009,
    "Rule-Based": 0.8170118949085016,
    "LNS": 0.49558593501612
}