{
    "BFSA-RHO": 0.35225561100325364,
    "Rule-Based": 0.32382467210599375,
    "LNS": 0.2332078708187619
}