{
    "BFSA-RHO": 0.9317833377585858,
    "Rule-Based": 0.7300415432871047,
    "LNS": 0.4666726594228235
}