{
    "BFSA-RHO": 0.9072963859800862,
    "Rule-Based": 0.5185450333267728,
    "LNS": 0.3438976952503266
}