{
    "BFSA-RHO": 0.8879971785240977,
    "Rule-Based": 0.77051967664978,
    "LNS": 0.353167731738386
}