{
    "BFSA-RHO": 0.9348895604334196,
    "Rule-Based": 0.7968438682897969,
    "LNS": 0.3143439571732326
}