{
    "BFSA-RHO": 1.017102202807668,
    "Rule-Based": 1.017102202807668,
    "LNS": 0.25235760195802204
}