{
    "BFSA-RHO": 0.8690112586803387,
    "Rule-Based": 0.6037795572503819,
    "LNS": 0.44774142208176543
}