{
    "BFSA-RHO": 1.0155713576133123,
    "Rule-Based": 1.0155713576133123,
    "LNS": 0.4658534654020018
}