{
    "BFSA-RHO": 0.9236773150294517,
    "Rule-Based": 0.8257529863210159,
    "LNS": 0.45556791837591526
}