{
    "BFSA-RHO": 0.8585989906408702,
    "Rule-Based": 0.6963172122722107,
    "LNS": 0.4599410989140635
}