{
    "BFSA-RHO": 0.9203572275597119,
    "Rule-Based": 0.6222052651691911,
    "LNS": 0.3406116713034144
}