{
  "BFSA-RHO": 0.636619790465943,
  "Rule-Based": 0.5724531878378015,
  "LNS": 0.5062373523911948
}