{
    "BFSA-RHO": 0.9907729663033856,
    "Rule-Based": 0.9092719828923649,
    "LNS": 0.4639172908638119
}