{
    "BFSA-RHO": 0.9461111620557664,
    "Rule-Based": 0.7901541168218534,
    "LNS": 0.46394636407008927
}