{
    "BFSA-RHO": 0.9442429333435756,
    "Rule-Based": 0.6632592115455688,
    "LNS": 0.37803483362195134
}