{
    "BFSA-RHO": 0.8921753438805191,
    "Rule-Based": 0.7328757556796114,
    "LNS": 0.49264948532975184
}