{
    "BFSA-RHO": 0.967812914591911,
    "Rule-Based": 0.8983512193480985,
    "LNS": 0.3567229893949248
}