{
    "BFSA-RHO": 0.9268238264650521,
    "Rule-Based": 0.7393783738928237,
    "LNS": 0.33036637492229437
}