{
    "BFSA-RHO": 0.9017304467698893,
    "Rule-Based": 0.5008934606126946,
    "LNS": 0.34868526750424117
}