{
    "\u7b97\u6cd5": [
        "BFSA-RHO",
        "Rule-Based",
        "LNS"
    ],
    "\u5e73\u5747\u5206\u914d\u6bd4\u4f8b": [
        0.524070090341771,
        0.4773773347319924,
        0.5682552280674291
    ],
    "\u5e73\u5747\u76ee\u6807\u5207\u6362\u6b21\u6570": [
        2.72,
        1.37,
        1.17
    ]
}