{
    "BFSA-RHO": 0.8915009993922882,
    "Rule-Based": 0.574637855133938,
    "LNS": 0.45414923921116956
}