{
    "BFSA-RHO": 0.9236773150294517,
    "Rule-Based": 0.8258948238200888,
    "LNS": 0.45552796425907494
}